{
  "coocc_min": 1,
  "coocc_max": 124,
  "tfidf_min": 0.342987847144765,
  "tfidf_max": 165.77614431055224,
  "pmi_min": -3.2062448641762433,
  "pmi_max": 5.34150509033776,
  "npmi_min": -0.2304811223961432,
  "npmi_max": 0.44573532943682515,
  "llr_min": 0.00212627243792346,
  "llr_max": 1062.7885242795699,
  "ratio_min": 0.018351641919148825,
  "ratio_max": 4.748413340976182
}