{
  "coocc_min": 1,
  "coocc_max": 50200,
  "tfidf_min": 0.0699414131753343,
  "tfidf_max": 41794.19331211054,
  "pmi_min": -5.822167951594098,
  "pmi_max": 15.411731821247358,
  "npmi_min": -0.404872695298898,
  "npmi_max": 1.2887613727934288,
  "llr_min": 5.260118930732654e-10,
  "llr_max": 313557.0961818957,
  "ratio_min": 0.005793648707143576,
  "ratio_max": 523.9771556385439
}